thirty days,Volume,No of  Sales,Average Floor Price,Owners
Player,89071.76369329939,260,838.9644795233822,209
Machine Hallucinations - New York City,6142.802204845532,29,146.501364293955,432
The Legend,2289.0838170930465,15,0.0,14
NEW B. Angel,2024.8283187137179,485,4.944421044920981,255
KNOTS - Fabin Rasheed,915.6335268372186,1,0.0,1
MEMORIA - Fabin Rasheed,732.5068214697749,1,0.0,1
The Siren Collection Stamp,719.8088157195964,32,21.364782292868433,1029
Children At Play,518.8589985410906,52,30.521117561240622,50
The Starbucks¬Æ Green Apron Stamp,408.09297953253855,61,4.944421044920981,2070
Holiday Cheer Stamp,407.27379273719487,10,18.312670536744374,525
Machine Hallucinations - Mars - D,366.25341073488744,1,1037.7179970821812,26
A Trebled Man,305.5163867880186,1,4237.551962202648,18
Complexity,305.21117561240624,1,4211.9142234512055,87
John Doe,294.90480463432647,118,17.70224818551956,40
Machine Hallucinations - Mars - A,283.4648793500223,1,10682.391146434218,53
Stigma of Narcissus,274.6900580511656,1,915.5724846020962,17
Machine Hallucinations - Mars - C,274.6900580511656,1,430.3868246439712,34
Baby Fire,270.0545107159644,119,18.251628301621892,38
Liberty,269.2310509641621,118,18.251628301621892,39
Synthetic Dreams by Refik Anadol,256.37738751442123,1,193.5966695356517,491
Machine Hallucinations - Mars - B,249.87883116328186,1,1434.4925253783092,39
To Empower The Unknown Artists: The (OG) Resilient Love ‚ô•Ô∏è‚ú® by CL7,246.85724052471906,52,21.364782292868433,122
Player 1 Sushi Pizza #80,244.16894048992498,1,0.0,1
Lotus Train,216.69993468480843,2,122.08447024496249,132
Court Shadows,216.2347928531751,10,0.0,10
FewoWorld Paint,204.18627648469976,7,36.62534107348875,3689
thr33zi3s #1088,203.45376966323,1,0.0,1
The First Store Collection Stamp,200.19533515239195,40,4.5781676341860935,3702
m,197.81896093907375,26,8.85112409275978,21549
The Bitcoin Angel (Open Edition),193.58446108862722,10,21.975204644093246,2305
Awkward Astronauts,179.62593318316942,29,4.272956458573687,7740
A Place of Death and Rebirth,176.77831291470568,57,181.23439607864682,35
Trilogy Green Edition,164.26465471459701,69,6.775688098595418,10
Love and Rockets,158.70981131845124,1,364.3611014460905,57
F,152.60558780620312,1,413.6832274250554,7
C¬≥211,152.60558780620312,1,0.0,1
"cy twombeef, unhinged",151.64173091361914,15,21.303740057745955,9
Alley,140.39714078170687,18,0.0,10
NADIR,137.3450290255828,1,183.12670536744372,10
-oop,132.7668613913967,17,0.0,9
The Emperor,126.32202220716513,1,0.0,1
Pepe Sushi #83,122.08447024496249,1,0.0,1
Nemesi,122.02342800984,1,1709.1825834294748,10
The Canvas,119.52069636981827,22,7.325068214697749,19
Illicit love.,118.29985166736866,10,35.09928519542672,10
FEWO SHOE RARE,112.29878953247751,3,91.56335268372186,172
#0007 Â§ßËõá‰∏∏ÔºöOrochimaru,109.87602322046624,1,0.0,1
Prime Example,109.87602322046624,1,122.08447024496249,87
The Bitcoin Storm,105.29785558628015,25,479181.54571147775,19
D√©j√† Vu,104.99264441066774,1,213.64782292868435,261
fully lubricated grass,97.84704036723008,14,0.0,9
Two at the Lit Spot,96.26360478815292,11,88511.2409275978,10
CRYPTO TV,95.40901349643818,2,54.25922195567113,247
mainstream adoption,92.67065882884367,8,54.20550478876334,6
eOTC Ship It Award,91.56335268372186,1,0.0,19
after fucking the grass,91.00847876645851,13,15.19951654549783,8
Mad Rabbits,86.25206780571477,4,5.2081235006501,2259
beef by dre,85.89924368670682,15,25.63773875144212,9
A Cube,83.87203105828922,2,48.83378809798499,1313
"drink more water, that will be two hundred dollars",81.56768668241556,15,14.650136429395499,9
Starbucks¬Æ Odyssey Avatar Collection,81.06836119911367,57,1.1598024673271436,2965
ACIDW@SH,80.88096153728765,1,1220.844702449625,8
FEWO DRIP,80.27053918606283,2,420.45891552365083,211
how to succeed in non-fungible fuckery,79.84324354020546,14,0.0,9
euthanize war,74.85059912953773,12,0.0,9
death of pepe,73.69690088572283,9,0.0,6
BROKEN//,73.2506821469775,1,518.8589985410906,17
August Otherness,72.51817532550771,12,0.0,6
The Road Ahead,71.78566850403794,5,14.650136429395499,946
Meatrise,71.67640290316871,12,12.940953845966023,9
meat captainz,70.88285384657644,14,5.291751362767899,9
piss soaked revolution,70.71132516588227,8,36.32012989787634,6
Lords,69.89946343875327,10,51.885899854109056,10
fredenza krueger,69.80851050842078,11,71.84671073916043,9
The Crown,69.63515056067293,6,6.104223512248124,379
yellen saves the economy,68.04805244748842,13,8.85112409275978,8
landscape climax,67.89178432557486,12,17.09182583429475,9
Brain Cloud,67.14645863472937,1,1526.055878062031,10
goodnight moon,66.17405582922824,6,0.0,3
Aku's Rocket Journey Stamp,65.61124642139896,67,1.0371075747309564,6163
nakameatgo sixty nine,65.14488374506321,13,28.6410167194682,9
last gn,64.28601949688989,10,0.0,6
The Infernal Kinship,64.09434687860531,7,0.0,7
"Wax On, Wax Off - Classic",63.75617289602676,1,180.07459361131967,10
Sunbathe on Neptune,63.42288229225801,51,2.3806471697767684,50
asszuki number two,63.37038597005268,8,15.19951654549783,6
Soccer on Saturn,62.385164295175834,51,2.1364782292868436,50
Revenge of the Nation State,62.247819266150245,4,19.838726414806406,581
Barbecue on Jupiter,61.042235122481245,50,1.8312670536744373,50
FEWO SHOE LEGENDARY,61.042235122481245,1,6043.181277125643,82
You've got to be kitten me.,60.98119288735876,1,7325.068214697749,79
papa bowls are back,58.12502670597787,11,0.0,9
New Race - Flooded,57.99012336635718,1,128.8601583435579,83
the same day until we die,56.90418200352824,11,0.0,9
warren's army official unlicensed rare pfp,56.29375965230343,11,16.420361247947454,9
before the grass was fucked,56.29375965230343,11,0.0,9
saturn devouring ass,55.317083890343724,11,18.312670536744374,9
wen‚Äôt missing,54.93801161023312,1,299.1069521001581,8
Quatre Humeurs,54.93801161023312,5,62.50724876542079,5
thank you for your service,54.786626867129364,12,10.682391146434217,8
STRIFE,54.388631494130784,9,0.0,9
make meat not war,54.27509293680297,7,42.72956458573687,6
asszuki number four,54.03519695277162,11,14.77222089964046,9
L0G1ST1CS v.02,53.0457023214362,1,213.64782292868435,25
asszuki number three,52.63122554495455,11,0.0,9
open slipepeknot,51.04412743177004,11,0.0,9
meat manager is in,50.49474731566771,10,21.364782292868433,9
Mind,49.676781365026464,1,274.6900580511656,30
filet meatdrian composition of strip malls,49.3874411705459,4,73.2506821469775,3
Mutant,48.83378809798499,1,65.25414934593245,22
fuckable forge,48.05305791076846,10,6.40943468786053,9
a humble offering,47.852228957215495,8,0.0,6
asszuki number seven,47.442635559543646,10,7.630279390310156,9
verified fucking meat,47.442635559543646,10,12.147404789373768,8
rare internet land,46.16074862197154,10,7.935490565922562,9
The Genesis of Light,45.78167634186093,15,591.8655117475781,11
Fire Sushi Pizza #82,45.78167634186093,5,0.0,4
Suffering‚Äôs Courtesy,45.78167634186093,15,303.3188663236093,13
portrait of web three,45.668137784533116,8,0.0,6
asszuki number six,45.013154601668894,10,14.039714078170686,9
sbarros garlic slipknot,44.329481568297105,10,5.188589985410906,9
last summer,43.222175423175294,4,170.91825834294747,3
Queen Dartaria - Alotta Money,42.72956458573687,1,48.83378809798499,108
Beeple X VeeFriends,42.72956458573687,1,39.53888695588478,881
Satoshi The Creator - Katanas Of Lightning - Classic,42.66852235061439,1,54.20550478876334,10
Have an Apple,40.12672368011427,637,0.18190586066499412,75
Soul,40.113904810738546,1,274.6900580511656,29
Trust (Veiled) by toomuchlag,39.67745282961281,1,91.56335268372186,19
Eroding and Reforming E30,39.67745282961281,1,54.93801161023312,142
FEWO SHOE EPIC,39.67745282961281,1,976.6147197245774,132
Jade Purple Brown Airdrop Stamp,38.28813155822513,23,2.075435994164362,2254
abeef road,38.28630029117146,9,75.32611814114185,9
fuckable big mouth bass,38.28630029117146,9,18.251628301621892,9
asszuki number one,38.28630029117146,9,7.630279390310156,9
never gm alone again,38.28630029117146,9,6.714645863472937,9
high school employment opportunity,37.73264721861056,7,60.73702394686884,6
"Ok, but the real jungle is outside",37.54097460032597,2,34.1836516685895,149
Royal,36.62534107348875,1,170.6435682848963,27
AN IMPORTANT MEMORY FOR HUMANITY BY REFIK ANADOL,36.62534107348875,1,13.293777964973966,1722
Eroding and Reforming DeLorean,36.62534107348875,1,76.30279390310156,96
Chosen,36.62534107348875,12,4578.167634186093,12
Flashes Before Your Eyes,36.56429883836626,1,305.15013337728374,28
FACES,36.412303672911285,9,5.371106268427124,2656
Gold BBX,36.05825870920089,9,2.9111041929911305,252
The Kid Is Coming,33.87844049297709,1,33.87844049297709,20
ASCENSION,33.137998180941395,2,23.19604934654287,313
Extrusion,31.43675108807784,1,54.87696937511064,327
Blue Moon,30.582159796363104,167,1.8923092887969186,26
Entwined,30.521117561240622,1,152605.5878062031,1
Distance,30.521117561240622,1,85.45912917147373,10
Realizing the Future and Screaming,30.46007532611814,1,0.0,1
ULTRAVIOLET,30.46007532611814,1,34.54990507932438,79
TREAD,30.215906385628216,5,0.0,6
Prison #6,29.117146153423555,16,6.207384889605118,10
Don't Say Sh*t,28.99506168317859,3,14.344925253783092,435
Fusion,28.99506168317859,1,54.87696937511064,338
Leonardo Glauso. Photography 5 IIII,28.516490559818337,241,0.5493801161023312,48
Welcome to Aku World: Chapter II,28.384639331953778,1,112.9281349765903,542
Satoshi Sushi #84,28.262554861708814,5,0.0,5
86 - Classic,28.079428156341372,1,61.042235122481245,20
The Unaone,27.46900580511656,1,0.0,1
you're my universe,27.224836864626635,402,0.6104223512248125,25
The Vow by Shavonne Wong,26.736498983646786,1,33.87844049297709,20
STUCK IN THE MUD,26.55337227827934,2,1526055.878062031,1
Gold,26.187118867544452,3,21.364782292868433,356
FVCK_CRYSTAL//,25.942949927054528,1,488.33788097984996,1015
The Persistence of Currency I,25.63773875144212,1,0.0,15
SCROLL-BID-COLLECT,24.722105224604903,2,13.551376197190836,409
A girl (Gugulethu),24.416894048992496,1,0.0,5
Matter*,24.416894048992496,1,29.23129513310259,330
Liquid Summer,24.416894048992496,1,60.43181277125643,90
Imprimatura,24.355851813870014,2,12.147404789373768,352
Treasure,23.4402182870328,12,0.0,6
A Lovecraftian Read,23.19604934654287,4,0.0,5
Animus Society NFKey - Pearl,23.19604934654287,38,5.371716690778349,22
Signature Showdown Journey Stamp,23.126461198503243,26,0.9150231044859939,3972
Circumnavigation I - BTC/ETH,22.890838170930465,1,41.20350870767484,83
PARTYING,21.975204644093246,4,0.0,4
LOST IN TOKYO,21.975204644093246,1,24.294809578747536,92
WHAT IS ART ?,21.364782292868433,1,309.4230898358574,15
Chimera,21.303740057745955,1,21.364782292868433,21
The Banished Womb,20.347208233376673,1,0.0,1
greed.,20.327064295786254,1,57.99012336635718,20
The Setteseven,19.899768649928884,1,0.0,1
The Zulu,19.472473004071517,1,0.0,1
Coffee Heritage Journey Stamp,19.209380970693623,29,0.6696333192936192,17686
Chapter VIII: Origin,19.10621959333663,3,17.335994774784673,1558
Leonardo Glauso. Photography 5 IIIII,19.045177358214147,8,18.251628301621892,5
ùêìùñçùñä ùêéùñôùñçùñäùñó ùêñùñîùñóùñëùñâ ùêÇùñÜùñóùñôùñîùñåùñóùñÜùñïùñçùñäùñó,18.48725132919467,4,8.807173683471595,34
The Xray,18.312670536744374,1,3540.449637103912,1
HEALING,18.312670536744374,1,1526.055878062031,1
daofork,18.312670536744374,1,61.042235122481245,42
Fitty Mao,18.312670536744374,1,18.312670536744374,56
Animus Society NFKey Sapphire,18.129543831376928,24,29.239230623668515,14
The Oath by Trevor Jones x Apollo Ent.,18.0599556833373,35,0.16481403483069937,18631
Prison #5,18.007459361131968,15,3.3573229317364683,10
PILLOWFRIGHT!,17.885374890887004,5,6.775688098595418,6
The Victor,17.628997503372585,1,763027.9390310155,1
Tears,17.580163715274598,1,18.312670536744374,105
Muga x Des Lucrece,17.488600362590876,6,7.630279390310156,207
The Oktoeight,17.37017842645326,1,0.0,1
Going Places Journey Stamp,17.301811123116085,28,0.5487696937511064,3488
BEDROOM BLISS,17.09182583429475,1,24.416894048992496,131
Crypto Lobus,17.030783599172267,1,0.0,6
VIP,17.03017317682104,7,2.9892382539479065,1392
Venusian Team Classic by Alotta Money,16.786614658682343,2,12.208447024496248,53
The Sierra,16.481403483069936,1,0.0,1
SAILING,16.481403483069936,3,0.0,3
Empty Contract,16.48079306071871,1,18.251628301621892,208
Aku Chapter IX: The Mission,16.420361247947454,3,24.416894048992496,1351
The Terrathree,16.17619230745753,1,0.0,1
The Bissotwo,15.870981131845124,1,0.0,1
The Uniform,15.870981131845124,1,0.0,1
The Yankee,15.870981131845124,1,6029.56885869333,1
Ash Chapter Two: Metamorphosis,15.870981131845124,2,9.758822129031076,2206
Œ†ŒëŒòŒüŒ£,15.870981131845124,1,24.355851813870014,174
The Pantafive,15.302677922854823,1,42.7106414928489,1
"Kur, The Death's Echo",15.260558780620311,1,146.501364293955,20
Friends,15.260558780620311,1,60.73702394686884,37
THE LAST SUPPER 02,15.260558780620311,10,61042.17408024612,9
Crispy Tuna Sushi Pizza #81,15.260558780620311,5,0.0,3
ALMOST SUMMER,15.260558780620311,1,20.08289535529633,30
LOAD$ OF FUN,15.260558780620311,1,0.0,9
Leonardo Glauso. Photography 5 I,15.236141886571318,156,0.18312670536744374,43
OPPENHEIMER‚ÄôS TRINITY,14.955347605007905,7,427295.6458573687,6
Silver Boombox: Animated,14.955347605007905,1,24.416894048992496,26
New Era,14.955347605007905,1,15.260558780620311,15
World of Coffee Journey Stamp,14.839977780626414,23,0.6104223512248125,7923
Fear,14.71117866451798,238,0.3046007532611814,17
The Novenine,14.650136429395499,1,0.0,1
THE LAST SUPPER [FINAL],14.650136429395499,16,610.36130898969,13
protector.,14.585431660165668,5,4.211914223451206,16
The Kartefour,14.344925253783092,1,0.0,1
Kamakura,14.242984721128549,1,2136.4782292868435,10
Colours,14.100756313293168,7,4.211914223451206,7
Audrey34,14.100756313293168,7,4.211914223451206,7
The Soxisix,14.039714078170686,1,0.0,1
Air Drop Pƒ∞GGY BANK,13.946929880784515,219,0.30521117561240624,24
Creation,13.73450290255828,1,44.2556204637989,105
Genesis.001,13.73450290255828,1,36.62534107348875,1025
FLOW,13.73450290255828,1,17.030783599172267,230
Leonardo Glauso. Photography 5 II,13.673460667435798,140,0.24416894048992496,27
Quantum Transcendence,13.551376197190836,1,213.64782292868435,10
I Asked Myself For Peace (Copper),13.48972353971713,6,2.44168940489925,176
Trump,13.429291726945873,17,976675.7619596999,12
#8 The XOO Store,13.185122786455949,24,12.208447024496248,10
Mona Lisa to life,13.185122786455949,71,0.5487696937511064,34
Doing Good Journey Stamp,13.053271558591389,18,0.6714645863472937,4475
HOLYE CRAPS,12.81886937572106,8,1526055.878062031,3
Eros,12.776139811135325,70,1.220844702449625,14
transaction is salvation,12.762100097057154,3,0.0,3
Rug Pulls,12.696784905476099,16,3.052111756124062,12
The Spiral,12.635742670353617,3,9.095293033249705,21
GINZA,12.635742670353617,9,0.0,9
IMPACT,12.513658200108654,1,18.923092887969187,256
FOCUS,12.26948925961873,1,0.0,1
Aku Chapter X: The Finale,12.26948925961873,2,10.071968795209406,1355
PUBLIC PRIVACY,12.208447024496248,20,1.281886937572106,196
Lust,12.208447024496248,1,0.4272956458573687,21
Animus Society NFKey Imperial Jade,12.208447024496248,20,4.272956458573687,11
Oska x Ferry Corsten ‚ÄúSemblance‚Äù,12.208447024496248,1,67.14645863472937,11
TECHNOFISH 3,12.208447024496248,1,60.98119288735876,90
"I am the GOAT, u r the fucking sheep",12.208447024496248,1,20.08289535529633,140
Animus Society NFKey Red Diamond,12.208447024496248,20,120.19216095616557,12
The Blockchain Experience: Exchange Art,12.177925906935007,197,0.24355851813870016,22
Cuantika,12.086362554251286,2,756.9237155187674,2
Zero Real Life,12.086362554251286,2,0.0,2
SUBM3RGE,12.055841436690045,1,21.364782292868433,117
Milky Way,11.994799201567565,3,4.395040928818649,42
Lucky Neko!,11.95756343814285,4,0.6537623381617741,1729
The Rise of Puppet,11.903235848883842,13,42.485395645246946,7
I'm Lovin' It,11.903235848883842,13,732.4457792346525,9
The Tango,11.903235848883842,1,0.0,1
Not Easy Being Colorfull,11.903235848883842,13,42.485395645246946,8
Leonardo Glauso. Photography 5 IIIIII,11.7201091435164,16,3.6625341073488746,10
Awakener,11.699354783574755,1,0.0,5
WHIRLP00L,11.659066908393918,2,16.958143339376516,113
The Bean to Cup Journey Stamp,11.352634888079061,19,0.6098119288735876,5753
Code Classic,11.29281349765903,1,11.475940203026473,47
CANDLE COASTER,11.29281349765903,3,1526055.878062031,3
Mona Lisa showcase,11.109076369940361,59,0.36503256603243783,28
TAKEOFF,11.04803413481788,1,42.66852235061439,201
Primitivo #1 - Caramel,10.987602322046623,12,1507.4990385847968,10
Leonardo Glauso. Photography 5 III,10.987602322046623,15,10.377179970821812,11
New Campaign Poster,10.976614719724576,18,6.104223512248124,18
Pertwee,10.864907429450437,176,0.1709182583429475,47
Chaos,10.682391146434217,1,16.481403483069936,87
PAR,10.682391146434217,1,10.682391146434217,262
Chapter 7: Candle,10.682391146434217,2,12.086362554251286,1536
Take Profit,10.560306676189255,16,22.52458476019558,7
The Whiskey,10.438222205944292,1,0.0,1
Red Bull Doodle Art Collection mentored by Burnt Toast,10.355815188528943,40,0.24294809578747534,1161
AUTHORITARIANISM,10.31613773569933,4,4.211914223451206,83
The Blockchain Experience: Ed Balloon,10.31613773569933,165,0.5799012336635718,20
Gaze II,10.31613773569933,1,54.20550478876334,47
Chapter V: Glitch,10.194053265454368,2,14.039714078170686,1472
Popenstein,10.071968795209406,11,732.4457792346525,7
Aku Chapter IV: Aku x Ady,10.071968795209406,1,24.355851813870014,698
So It Goes,10.071968795209406,1,25.63773875144212,40
Orygeia,9.766757619597,1,25.02731640021731,71
Orygeia,9.766757619597,1,25.02731640021731,71
Muga x Bryan Brinkman,9.705715384474518,2,7.325068214697749,87
NOOBPUNKS,9.68679229158655,14,0.84604537879759,617
The Most Valuable Artwork,9.490236294492158,65,0.15809938896722642,2039
Space Station,9.485963338033585,20,0.0,9
"Block 8 (50.000323¬∞ N, 8.272614¬∞ E)",9.461546443984593,1,48.65066139261755,18
Needle Epic,9.22409214935814,1,18.312670536744374,25
TIMELESS,9.156335268372187,1,18.251628301621892,70
Marble Death,9.156335268372187,1,6.104223512248124,15
Alexey Pertsev - NF Freedom Fighters,9.156335268372187,1,7.325068214697749,3
GREY,9.156335268372187,15,0.0,9
256 Quantic Utopia,9.156335268372187,15,36.56429883836626,12
SHIBUYA,9.156335268372187,3,0.0,4
Magic Kitchen,9.156335268372187,10,0.0,8
Moco NFT,9.156335268372187,1,14.344925253783092,310
Hollywood,9.156335268372187,1,167.86614658682342,9
üü†üüßüîµüü¶ by Brand,9.156335268372187,1,183.12670536744372,23
Needle Classic,9.095293033249705,1,27.10275239438167,37
The Alchemist,9.095293033249705,4,0.0,5
THE COLLECTOR,8.973208563004743,3,671464.5863472937,3
Virtual Kiss,8.790081857637299,48,0.9095293033249705,25
The Minotaur,8.606955152269855,1,8.240701741534968,183
Killer Sport,8.484870682024892,1,18.251628301621892,44
ORIGINAL REN√â M√ÑKEL√Ñ'S SKULL (A6),8.36278621177993,2,4.272956458573687,14
Code Epic,8.342031851838287,1,17.64120595039708,33
A smile worth ALOTTAMONEY,8.277327082608457,23,0.5493801161023312,4279
Venusian Team Epic by Alotta Money,8.240701741534968,1,24.416894048992496,30
Crystal Collage,8.240701741534968,1,0.0,40
heaven.,8.240701741534968,1,12.147404789373768,10
#6 Killer,8.240701741534968,15,18.312670536744374,11
Bomb Epic,8.240701741534968,1,19.533515239194,27
Nasami,8.118617271290006,7,0.0,7
Ecstasy,8.057575036167524,4,152605.5878062031,4
Cliff.RAW,7.969063795239927,1,0.0,15
Primitivo #1 - Blue,7.935490565922562,13,8545.912917147374,10
DREAMY POPULATION,7.935490565922562,1,36.62534107348875,9
Rocket Classic,7.731609500613474,1,27.46900580511656,31
MEMORIES RADAR,7.709023873618157,5,2.532642335231747,1254
Mars,7.630279390310156,1,42.42435341012447,313
Soap Box (Steven Baltay),7.630279390310156,1,18.312670536744374,49
Lunaris,7.630279390310156,5,427295.6458573687,5
Bompparam (Spring Breeze) by Noealz x GreyRadian x Rikognition,7.630279390310156,1,15.260558780620311,46
Galaxia,7.630279390310156,5,427295.6458573687,5
COOKIN UP,7.630279390310156,2,1587.0981131845124,13
SUPER SATOSHI 04 SENSING THE APPROACH OF DOOM,7.630279390310156,1,23.806471697767684,85
odontophobia,7.630279390310156,1,7.630279390310156,87
The Garden's Protector,7.630279390310156,25,0.9156335268372187,17
SOLAR SPACE,7.53566392587031,1,427295.6458573687,1
"Block 7 (43.804626¬∞ N, 11.292813¬∞ E)",7.447152684942711,1,21.364782292868433,25
BBX Silver Edition Octavo v.01,7.417852412083921,6,33.573229317364685,28
Expanse,7.38611044982023,121,0.12208447024496248,20
EVOL hideout (KidEight),7.325068214697749,1,15.260558780620311,32
Queen Rumors,7.325068214697749,12,120.19216095616557,8
akiha streetwalker animation,7.325068214697749,3,0.0,3
Beauty in Disarray,7.325068214697749,15,4.639209869308575,9
preserve my legacy,7.325068214697749,1,33.87844049297709,58
The Alchemist 2,7.325068214697749,6,0.0,7
HARAJUKU,7.325068214697749,3,0.0,4
Bomb Legendary,7.325068214697749,1,36.62534107348875,16
Satyr,7.3043138547561055,8,76302.79390310156,6
7th day of the 7th month - (Summer),7.202983744452787,2,0.0,2
Alottaship Classic by Alotta Money,7.080899274207824,1,30.521117561240622,79
hell.,7.019857039085343,1,12.147404789373768,10
Schmok Mathematics,7.019857039085343,1,42.72956458573687,24
Virtual Adele Bloch-Bauer I,6.775688098595418,37,1.0987602322046623,19
Stained By Me,6.714645863472937,11,0.0,9
DO YOU STILL LOVE ME,6.714645863472937,2,9.095293033249705,49
IN DOGE WE TRUST,6.704268683502115,3,4.395040928818649,274
Opening Doors,6.653603628350456,1,12.75782714059858,173
the forgotten astronaut,6.5925613932279745,1,14.955347605007905,80
Noi,6.4704769229830115,2,4.211914223451206,33
Angels and Demons,6.40943468786053,7,0.9156335268372187,7
"game over, please try again",6.40943468786053,7,610.36130898969,5
PEACE,6.40943468786053,1,12.208447024496248,134
Lost in Sands,6.40943468786053,18,1.4039714078170686,11
Individuality,6.357548788006421,36,0.7935490565922562,21
Feeling Exploding,6.348392452738049,8,122.02342800984,7
Pitcher,6.348392452738049,8,3.052111756124062,5
BBX Silver Edition (Shattered) v.01 music by Stargate,6.18357841790735,5,152.60558780620312,6
Fishbowl,6.165265747370605,5,1.8923092887969186,15
Nonbei Yokocho,6.105444356950574,2,4.822336574676018,152
MC Supersized,6.104223512248124,1,23.135007111420393,22
Cloud 9,6.104223512248124,1,18.007459361131968,142
Self-Discovery,6.104223512248124,2,4.5781676341860935,3
Borderline,6.104223512248124,4,2.991069521001581,5
Self-Reflection,6.104223512248124,2,0.0,3
Monument Crystal Mask,6.104223512248124,4,0.0,5
‚àû!=lim,6.104223512248124,10,12.147404789373768,6
Diversified Funds,6.104223512248124,1,44.86604281502371,44
Space Trader,6.104223512248124,1,30.521117561240622,16
Need Connection,6.104223512248124,1,8.545912917147374,57
255/1000,6.104223512248124,4,0.0,4
Oreon Space Cargo,6.104223512248124,10,14.650136429395499,6
ReFurbished Q.T.,6.104223512248124,1,54.87696937511064,21
RAINBOW DUCK,6.104223512248124,10,3.052111756124062,9
"Space Trader 2 ""Nifty Collector""",6.104223512248124,1,22.52458476019558,7
Psychedelic Meditation,6.1036130898969,1,427295.6458573687,1
Elite Market,6.085300419360155,1,0.0,1
[ANIMATION] THE LAST SUPPER 02,6.085300419360155,1,0.0,1
Boss Fight Animated + 1/1 NFT,6.043181277125643,1,24.355851813870014,37
Virtuous Cycles-04,6.043181277125643,1,0.0,2
Boss Fight Animated + 1/1 NFT,6.043181277125643,1,24.355851813870014,37
#7 The hiding place,6.043181277125643,11,180074.59361131967,6
Virtuous Cycles-02,6.043181277125643,1,0.0,2
Milk Girl,6.043181277125643,1,0.0,2
MIXED FEELINGS,6.043181277125643,1,6.043181277125643,362
Monument Factory,6.043181277125643,33,1.46501364293955,13
Saint Pepe,6.043181277125643,1,0.0,2
Pepe Leading the People,6.043181277125643,1,0.0,2
#129 Continue? | Fragile,6.043181277125643,11,0.0,9
Last Faith,6.043181277125643,9,91563.35268372187,7
Crystal Pop,5.992516221973983,9,0.4272956458573687,3004
Out Of My Mind,5.921096806880681,3,2.3196049346542873,271
Dance of Colors: Digital Dreams,5.8600545717582,8,7.264025979575268,6
God Save the Queen,5.719047008625267,1,36.56429883836626,15
Prison #3,5.6763174440395305,3,4.700252104431056,7
Intransigent Bonds,5.615885631268275,4,0.0,4
ALONE,5.510892986857606,3,8.85112409275978,95
BONUS DUCK,5.4938011610233115,27,0.6098119288735876,14
Dooley,5.4938011610233115,30,0.48772745862862515,18
Penitence,5.4938011610233115,9,22.52458476019558,8
Fanto Star Fighter,5.4938011610233115,9,0.0,5
Primitivo #1 - Green,5.4938011610233115,18,36.56429883836626,11
Virtual Tree of Life,5.4938011610233115,30,0.9766757619596999,16
Nescofe Asteroid Miner,5.4938011610233115,9,0.0,6
Wander,5.4938011610233115,6,83.56681988267682,4
"AN UNIMAGINABLE FUTURE , v1",5.401627385988365,2,0.0,3
Sole Identity,5.214838146513572,48,0.4272956458573687,27
Aku Chapter VI: Home,5.188589985410906,1,14.589094194273017,1397
Turtle,5.188589985410906,1,0.0,1
Chrome Boombox WHT 2.22.2022,5.188589985410906,1,6.043181277125643,22
"Say, Bee...",5.188589985410906,17,60.98119288735876,8
Never Stop,5.188589985410906,17,0.9156335268372187,10
Insufficient Frames,5.127547750288424,7,0.0,7
The valley of death,5.066505515165943,77,0.4272956458573687,15
#133 Dimensions | Fragile,4.944421044920981,9,91563.35268372187,7
#131 Game Over | Fragile,4.944421044920981,9,0.0,8
#130 Insert Coin | Fragile,4.944421044920981,9,0.0,8
"SOCIAL IS GETTING ERRORED, THE DIFFERENCE IS GREATER",4.8833788097985,5,152605.5878062031,3
Aftermath,4.8833788097985,1,4.8833788097985,101
The Trump Crusader: A Presidential Gotham Tale,4.8833788097985,8,610.4223512248125,8
G-Vision,4.8833788097985,2,7.630279390310156,126
WEB3 CULT,4.8833788097985,1,15.321601015742791,10
useless (animated),4.8833788097985,2,152605.5878062031,2
akiha rainy street animation,4.8833788097985,2,0.0,2
UNFOUND ANIMATION,4.8833788097985,2,0.0,2
Campaign Posters,4.878495430988701,8,0.0,8
Ilusi,4.8644557169105305,1,0.0,1
JokerMickey,4.810128127651522,8,42.302268939879504,7
Believe You Can Fly,4.761294339553537,6,3033.5549166468277,4
Impostor,4.761294339553537,6,60.98119288735876,5
Spirit,4.700252104431056,1,15.260558780620311,134
Winter walk,4.700252104431056,11,0.0,8
Summer Mountain 1,4.700252104431056,1,0.0,2
Bitter Divisions,4.623949310527954,1,14.955347605007905,322
Defend Us In Battle,4.5781676341860935,1,48.772745862862514,11
Cheers,4.5781676341860935,1,0.0,6
Nature's Girls,4.5781676341860935,3,0.0,4
ZEN PROTOCOL,4.5781676341860935,1,30.46007532611814,15
Aurora,4.5781676341860935,3,0.0,3
Becoming Enough,4.5781676341860935,15,2.991069521001581,9
George Washington,4.5781676341860935,5,0.0,4
Coffee Time,4.5781676341860935,8,76302.79390310156,4
GOOSE GOOSE DUCK,4.5781676341860935,1,1526055.878062031,5
Dystopia,4.5781676341860935,13,6.043181277125643,5
Goldie,4.5781676341860935,1,0.0,1
Ethereal,4.5781676341860935,3,0.0,3
Vivid,4.5781676341860935,3,0.0,3
PARIS,4.5781676341860935,5,0.0,5
Sleeplessness for love,4.5781676341860935,5,91563.35268372187,4
Inward Outing V: Rebound ,4.5781676341860935,3,6.043181277125643,14
Lost battle,4.5781676341860935,5,91563.35268372187,4
VALLEY OF DEATH,4.5781676341860935,3,241.91037779039317,3
manic - negative mindset,4.5781676341860935,3,30.521117561240622,3
Timeless,4.5781676341860935,5,135.63584644215334,4
Serene Villages,4.5781676341860935,1,0.0,1
Into the Cryptoverse by 0xSynergy,4.4560831639411305,4,2.239639606643837,173
#12 NOT,4.395040928818649,8,427295.6458573687,5
Inhibitor,4.272956458573687,1,4.8833788097985,39
THE SAPPHIRE,4.272956458573687,1,5.4938011610233115,45
Money Talks-Marilyn,4.272956458573687,2,0.0,2
YELLOW DUCK,4.272956458573687,7,3.6625341073488746,7
Existence,4.272956458573687,7,3.6625341073488746,5
Radiance,4.272956458573687,7,1.770224818551956,6
ORIGINAL REN√â M√ÑKEL√Ñ'S SKULL (A5),4.272956458573687,1,0.0,11
Gold ETHER Pƒ∞GGY BANK,4.272956458573687,7,91563.35268372187,5
‚Äû482 MG‚Äú,4.272956458573687,1,6.104223512248124,672
Satoshiverse - Satoshi's Legions - The Legionnaires,4.272956458573687,1,5.579260290194786,1285
CONTEMPLATION,4.272956458573687,1,0.0,1
BLUE DUCK,4.272956458573687,7,6.043181277125643,6
Reaper,4.272956458573687,11,4.5781676341860935,6
INTERCONNECTED,4.272956458573687,1,0.0,1
The Myth Of Fingerprints,4.272956458573687,7,0.0,7
Celestial illusion,4.266852235061439,10,120.19216095616557,7
asszuki number five,4.254033365685718,1,0.0,1
Dog World,4.211914223451206,1,6.043181277125643,8
Karma Key 1,4.211914223451206,1,15.260558780620311,335
Alter Ego,4.211914223451206,1,2.7469005805116558,13
Kan Hunter,4.211914223451206,19,0.4883378809798499,13
Ghost Cosmos,4.211914223451206,23,1.526055878062031,9
Alter Ego,4.211914223451206,1,2.7469005805116558,13
SUBLIMATION,4.089829753206243,4,1.526055878062031,50
New Adam is Born,4.089829753206243,9,427295.6458573687,6
FLOOD,4.089829753206243,1,3.3573229317364683,433
Garbage King,4.059308635645003,7,303.3188663236093,5
"@immigrantkiddo - From Crypto Art to Trading Cards, Investment Manias Abound",4.051983567430305,4,2.563773875144212,11
Vasilisa,4.028787518083762,11,0.9156335268372187,5
Sea serpents III,4.028787518083762,22,1.526055878062031,14
PHANOS THRONE,3.967745282961281,1,0.0,1
Pearl Angel,3.967745282961281,5,3033.5549166468277,3
The Minotaur - Study,3.967745282961281,1,6.104223512248124,55
ùêèùê´ùê¢ùê¨ùê¶ ùêÉùê¢ùê¨ùêúùê®ùêÆùê´ùê¨ùêû,3.967745282961281,5,0.0,5
RAW MASKS,3.967745282961281,5,591.8655117475781,3
The Return of the King,3.967745282961281,1,10682.391146434218,1
Dirty Business Syndicate,3.967745282961281,5,83.56681988267682,5
Eye‚Äôs Of God,3.967745282961281,5,106823.91146434218,5
Fear the rabbit hole,3.967745282961281,1,7.874448330800081,35
ùòæùô§ùô£ùô©ùôöùô¢ùô•ùô°ùôñùô©ùôö,3.967745282961281,5,591.8655117475781,4
Romantic Echoes,3.967745282961281,5,591.8655117475781,4
Isolation,3.8456608127163183,21,0.9492067561545834,14
#1 Neon Metropolis,3.8456608127163183,7,152605.5878062031,7
#11 Dark Web,3.8456608127163183,7,427295.6458573687,5
New Year's Eve sex,3.8188022292624266,16,0.21303740057745954,76
SynthVision,3.7797351987840386,9,1.526055878062031,6
LOSTPOETS,3.7235763424713557,1,9.99383473425263,6459
Platinum,3.7235763424713557,3,2.563773875144212,762
Temple Hermit,3.704653249583387,5,30.521117561240622,26
PEPE FOREVER,3.6625341073488746,3,181.23439607864682,2
Similiar,3.6625341073488746,4,83.56681988267682,5
Blue,3.6625341073488746,6,22.52458476019558,7
SNITTEN KITTY,3.6625341073488746,1,39.67745282961281,50
Horizon Home,3.6625341073488746,5,12.208447024496248,4
Death of Paolo and Francesca,3.6625341073488746,5,180074.59361131967,5
Prison #4,3.6625341073488746,2,17.397037009907155,9
Oath,3.6625341073488746,4,1971.664194456144,4
Android Adam,3.6625341073488746,1,0.0,1
Smiles in the Enchantment of the Moon,3.6625341073488746,5,76302.79390310156,4
Algorithmic Despair,3.6625341073488746,3,780.6691449814126,3
251/1000,3.6625341073488746,60,4.211914223451206,3
The Winning Dance,3.6625341073488746,1,0.0,1
Genesis,3.6625341073488746,4,12.147404789373768,4
Faceless,3.6625341073488746,6,303.3188663236093,4
Synthetic Soldier,3.6625341073488746,12,181.23439607864682,7
MILAN,3.6625341073488746,4,0.0,4
Super Show,3.6625341073488746,6,303.3188663236093,5
Zara,3.6259087662753857,6,2.44168940489925,6
SuperMickey,3.6075960957386415,6,0.0,5
Hippie Beaver,3.6014918722263936,5,610.4223512248125,4
Renaissance - (Spring).,3.6014918722263936,1,0.0,1
254/1000,3.540449637103912,58,4.211914223451206,3
250/1000,3.540449637103912,58,4.211914223451206,3
253/1000,3.540449637103912,58,4.211914223451206,3
The place inside my heart,3.479407401981431,3,0.0,3
Pick You Up,3.465978110254485,1,6.104223512248124,161
Hope Hunter,3.4183651668589494,8,1.220844702449625,8
Gradual Secrets,3.4183651668589494,7,180074.59361131967,5
252/1000,3.4183651668589494,56,4.211914223451206,3
The Last Suffer,3.4183651668589494,8,46.94147880918808,7
"Block 3 (35.8897¬∞ N, 23.3078¬∞ E)",3.4183651668589494,1,183.06566313232125,9
Karma Key 2,3.390896161053833,1,10.682391146434217,285
NIGHTFALL LULL,3.387844049297709,5,0.0,5
LET COLORS IN,3.387844049297709,5,0.0,4
DUSK WHISPER,3.387844049297709,5,0.0,5
Orange Monument Mask,3.3573229317364683,2,0.0,3
Tablet Of Hermes,3.3573229317364683,1,0.0,2
The Smiler,3.3573229317364683,11,1.1598024673271436,6
BONUS GIF,3.3573229317364683,10,1.526055878062031,6
CLOSE,3.3573229317364683,1,11.353855732781511,274
Karma Key 5,3.3573229317364683,1,10.682391146434217,242
UGLY BUBBA,3.3573229317364683,1,9.705715384474518,8
#134 Disintegrating Family | Fragile,3.2962806966139873,6,91563.35268372187,5
Ocean Saber,3.2962806966139873,9,60431.81277125643,9
#132 Watercolor Me | Fragile,3.2962806966139873,6,76302.79390310156,5
#4 Homeless,3.2962806966139873,6,152605.5878062031,6
Sellouts,3.2651491567015216,13,0.24416894048992496,3800
Color Coma,3.204717343930265,1,0.0,4
ROKO'S BASILISK,3.1741962263690247,1,6.043181277125643,95
Kevinio Rodrigues,3.1741962263690247,1,4.5781676341860935,44
Infinity,3.1741962263690247,4,0.0,4
Beyond The Sea,3.1741962263690247,4,3033.5549166468277,2
CIRCUS by Ben Hopper // 1.2 Compagnie XY,3.1741962263690247,1,0.0,10
Serene Equilibrium,3.157714822885955,18,0.4272956458573687,12
Arrival of the Gang,3.1192582147587915,4,0.732506821469775,17
Libera Me #8,3.1131539912465436,1,0.0,1
Libera Me #1,3.1131539912465436,1,0.0,1
Libera Me #5,3.1131539912465436,1,425.4033365685718,1
Libera Me #3,3.1131539912465436,1,59.14992583368433,1
Before the Storm,3.094841320709799,30,0.4272956458573687,21
Nyx-55,3.052111756124062,5,0.0,5
Dinner Party,3.052111756124062,5,42.66852235061439,5
Hic Et Ubique (Red),3.052111756124062,1,13.73450290255828,13
Cold Echoes,3.052111756124062,2,0.0,3
Ralph,3.052111756124062,1,0.0,1
RED DUCK,3.052111756124062,5,6.043181277125643,4
259/1000,3.052111756124062,2,0.0,2
Surrender,3.052111756124062,2,30.521117561240622,2
Resonance of Ages,3.052111756124062,5,303.3188663236093,4
Nokia,3.052111756124062,25,0.30521117561240624,12
RAINBOW POOH,3.052111756124062,5,4.5781676341860935,5
Qi-013,3.052111756124062,5,150.7132785174062,4
Made Up by Julie Pacino,3.052111756124062,1,0.0,5
RAINBOW POOH,3.052111756124062,5,4.5781676341860935,5
Qi-013,3.052111756124062,5,150.7132785174062,4
Resonance of Ages,3.052111756124062,5,303.3188663236093,4
Libera Me #4,3.052111756124062,1,0.0,1
Organic Adam,3.052111756124062,1,0.0,1
256/1000,3.052111756124062,2,0.0,2
THIS MOMENT,3.052111756124062,2,0.0,3
Legend,3.052111756124062,5,853.8587848932676,3
258/1000,3.052111756124062,2,0.0,2
Altercation,3.052111756124062,2,152605.5878062031,2
Nokia,3.052111756124062,25,0.30521117561240624,12
Dinner Party,3.052111756124062,5,42.66852235061439,5
omni animation,3.052111756124062,2,0.0,2
Libera Me #9,3.052111756124062,1,0.0,1
manic - my curse,3.052111756124062,2,0.0,2
Night Cafe 2,3.052111756124062,1,0.0,2
manic - everything I lost,3.052111756124062,2,0.0,2
One sword style,3.052111756124062,10,18.251628301621892,7
UNFOUND,3.052111756124062,2,1812.710214197203,1
Monument Mask,3.052111756124062,2,0.0,3
RED DUCK,3.052111756124062,5,6.043181277125643,4
UNFOUND 2,3.052111756124062,2,0.0,2
Ralph,3.052111756124062,1,0.0,1
Blu fam meeting with Pepes üê∏,3.052111756124062,1,9.461546443984593,1
Liliths Dream,3.052111756124062,5,0.0,4
Libera Me #7,3.052111756124062,1,0.0,1
Libera Me #2,3.052111756124062,1,0.0,1
Surrender,3.052111756124062,2,30.521117561240622,2
Cold Echoes,3.052111756124062,2,0.0,3
Ethereal Elegance,3.0490596443679383,5,0.0,5
Prison #2,3.033188663236093,1,303.3188663236093,6
Prison #1,3.033188663236093,1,303.3188663236093,6
Elena,3.0215906385628215,5,2.44168940489925,5
ThorMickey,3.0063300797822015,5,0.0,4
BatMickey,3.0063300797822015,5,0.0,4
HulkMickey,3.0063300797822015,5,42.302268939879504,4
The way home,2.991069521001581,7,0.0,5
Seratoins Village,2.991069521001581,1,0.0,1
Hestia.,2.991069521001581,7,2.1364782292868436,7
Poker-loving Mona Lisa,2.991069521001581,1,60.98119288735876,1
Mountains in blue,2.9605484034403404,12,3.6014918722263936,6
A Necessary Connection,2.9458982670109446,5,0.5493801161023312,767
Shroom's Forest Frolic,2.9300272858791,4,0.0,4
Lone Warrior,2.9300272858791,4,91563.35268372187,4
Memories,2.9300272858791,4,0.0,4
SF2050,2.9300272858791,16,2.991069521001581,10
Crystal ETHER Pƒ∞GGY BANK,2.9300272858791,6,122.08447024496249,6
Is This Real?,2.9300272858791,4,0.0,4
Anna,2.9300272858791,8,183.12670536744372,4
Lost,2.9300272858791,4,0.0,4
Robot Merry Christmas,2.929416863527875,9,0.6098119288735876,101
Muga x Van Orton,2.8689850507566184,2,1.526055878062031,215
The Gentle Reminder,2.8146574614976103,1,73.2506821469775,5
GI‚ñ≥,2.8079428156341373,1,15.260558780620311,24
Confectioner,2.7939031015559666,3,91563.35268372187,5
Saint Bear,2.7469005805116558,1,2.3806471697767684,48
Ascend,2.7469005805116558,3,119032.35848883842,3
Evolution,2.7469005805116558,3,83.56681988267682,4
Mad Rabbits Burrow Pass,2.7469005805116558,3,1.4039714078170686,1376
#10 Mechatown,2.7469005805116558,5,427295.6458573687,4
Tension,2.7469005805116558,3,0.0,3
Georges,2.7469005805116558,1,0.0,1
Chaos Silence,2.7469005805116558,9,0.9766757619596999,9
#9 Eternal Wait,2.7469005805116558,5,427295.6458573687,4
Plate and People,2.7469005805116558,9,22.52458476019558,6
BONUS POOH,2.7469005805116558,15,1.8312670536744373,6
Salvador,2.7469005805116558,1,0.0,1
#5 Eyes Wide,2.7469005805116558,5,152605.5878062031,5
Reina,2.7469005805116558,3,0.0,3
Hidden,2.7469005805116558,3,897.0766873599844,2
Distress,2.7469005805116558,3,0.0,3
Collector,2.7469005805116558,3,119.82590754543068,3
Pablo,2.7469005805116558,1,0.0,1
#2 District 11,2.7469005805116558,5,152605.5878062031,5
WHITE SKULL BASQUIAT TRIBUTE,2.7469005805116558,1,21.364782292868433,19
Digital Dreamscape,2.7469005805116558,1,0.0,2
The last journey,2.7469005805116558,11,30.521117561240622,7
#3 Napcherc,2.7469005805116558,5,152605.5878062031,5
Inu,2.7469005805116558,1,2.9300272858791,99
KENAVO by Aeforia's dad,2.7469005805116558,1,3.6014918722263936,115
Realize,2.7469005805116558,3,1587.0981131845124,3
Shape Shifter,2.7469005805116558,9,1.526055878062031,9
ZEUS,2.7469005805116558,3,3.6625341073488746,3
SUNRAY TOUCH,2.7102752394381673,4,0.0,4
PRESIDENTS POSTER,2.6858583453891747,5,0.0,5
Superchief Gallery NFT 2023 Mint Pass,2.6858583453891747,4,2.9300272858791,324
Grid Weaver,2.6797541218769267,4,14.039714078170686,29
PRES BUTTONS,2.6248161102666936,1,60.98119288735876,9
Purple,2.6181014644032206,2,3.052111756124062,17
Artificial Renaissance,2.603451327973825,5,0.36564298838366266,154
SUPER SATOSHI 01 THE ENDLESS REACHES OF CYBERSPACE,2.5955158374079024,1,39.67745282961281,60
Ottawa,2.5686572539540107,14,0.22890838170930466,31
Genetic Concussion,2.563773875144212,7,1.526055878062031,6
SERAPHINA,2.563773875144212,13,9.156335268372187,12
High Intuition,2.563773875144212,14,1.220844702449625,9
The Three Ages Of Woman Mother and Child,2.563773875144212,14,2.991069521001581,15
Daria,2.563773875144212,7,0.9156335268372187,2
Cheshire Lady,2.563773875144212,6,0.0,6
Satoshi Girl 20,2.563773875144212,42,0.4883378809798499,13
Pink,2.552175850470941,2,0.0,15
Golden Monzturo,2.5503445834172664,8,2.44168940489925,5
Cover Up,2.502731640021731,36,0.4211914223451206,22
Queen with Snake,2.4490144731139476,1,8.545912917147374,116
Happiness Cube,2.44168940489925,8,60.98119288735876,6
Synthetic Memory,2.44168940489925,8,181.23439607864682,5
T4ra-21,2.44168940489925,4,0.0,4
The cat&dog,2.44168940489925,4,476129.4339553537,4
mindless 1,2.44168940489925,1,152605.5878062031,1
Sleepy Sin,2.44168940489925,1,0.0,1
Hush (Baeige),2.44168940489925,1,6.043181277125643,45
One sunny day,2.44168940489925,6,0.0,4
ALIENATION,2.44168940489925,4,213647.82292868436,3
akiha rainy day animation,2.44168940489925,1,0.0,1
BLACK POOH,2.44168940489925,4,0.0,4
Hippie Rabbit,2.44168940489925,5,1.526055878062031,5
The gentleman,2.44168940489925,4,60.98119288735876,4
UNFOUND ANIMATION 2,2.44168940489925,1,0.0,1
Artificial Dreams,2.44168940489925,2,0.0,2
BLUE,2.44168940489925,1,54.20550478876334,1
Slay at Home Dad,2.44168940489925,4,3.052111756124062,4
Mother of Skulls,2.44168940489925,4,9.156335268372187,1
Abraham Lincoln,2.44168940489925,4,0.0,4
All Seeing Eyes,2.44168940489925,1,0.0,1
The Monument Mask,2.44168940489925,1,0.0,1
Based Fish Mafia,2.44168940489925,1,2.8421264673027267,2441
Not Chagall,2.44168940489925,8,5.4938011610233115,6
Juan,2.44168940489925,1,0.0,1
mindless 2,2.44168940489925,1,152605.5878062031,1
Mutant #1,2.44168940489925,4,0.0,4
MERCHANDISE Buy_<=03,2.44168940489925,4,0.0,4
Eledan,2.44168940489925,1,4.5781676341860935,28
The Rock,2.44168940489925,2,610.4223512248125,2
Tremors of the Soul,2.44168940489925,4,76302.79390310156,4
GREEN DUCK,2.44168940489925,4,6.104223512248124,4
G-CONSTRUCTION: THE KEYS,2.44168940489925,2,1.5870981131845123,241
BLUE POOH,2.44168940489925,4,0.0,4
Serpents Aquatiques II,2.3806471697767684,13,2.991069521001581,14
"AN UNIMAGINABLE FUTURE , v2",2.3806471697767684,1,0.0,2
"Keep The Noise of The Liars""",2.3806471697767684,3,152605.5878062031,3
I WANNABE A BILLIONAIRE,2.3806471697767684,3,6043.181277125643,3
franklin,2.3806471697767684,1,73.2506821469775,22
CROWD PARTY,2.3806471697767684,3,83.56681988267682,3
1000 times abstract,2.3806471697767684,3,2991.069521001581,3
True Anonym,2.3806471697767684,3,6409.43468786053,3
Balingo,2.3806471697767684,1,27.10275239438167,46
bobby,2.3806471697767684,1,10.31613773569933,27
Queen of Death,2.3806471697767684,13,0.9766757619596999,11
A Good Year For The Roses,2.3806471697767684,13,2.44168940489925,7
ÂèåÂ≠ê,2.3806471697767684,3,0.0,3
I Trust The Mirror In Front of Me More,2.3806471697767684,3,152605.5878062031,3
Survive,2.3806471697767684,3,6043.181277125643,3
Superchief Gallery NFT x Ahol Sniffs Glue Mint Pass,2.333644648732458,20,0.45781676341860933,224
Lazarus - The Day After by Bael,2.3196049346542873,1,23.684387227522723,12
Gold,2.3128902887908143,4,0.5487696937511064,3019
BRAIN WASH!,2.2890838170930468,1,0.0,4
Haru (Êò•),2.235977072536488,11,0.5493801161023312,10
Angelic Team Edition NFT,2.2243790478632164,7,6.043181277125643,24
Crypto Walk,2.1975204644093247,1,3.6625341073488746,10
BBX Ag x. Sideshow Radio,2.1975204644093247,2,12.147404789373768,8
Illusionist Beauty,2.1975204644093247,6,0.9156335268372187,6
Waystation,2.1975204644093247,12,2.991069521001581,8
Vera.,2.1975204644093247,6,30.521117561240622,5
Teratoma,2.179818216223805,2,140.39714078170687,19
BBX Ag x. Radio Assembly Line,2.1688306139017586,2,12.147404789373768,10
Elon,2.14868667631134,4,0.0,4
FAMILY TREE,2.14868667631134,4,0.0,2
Jeff,2.14868667631134,4,6104.162470013001,4
Vitalik,2.14868667631134,4,0.0,3
Detritus #22,2.1364782292868436,1,0.0,4
I Asked Myself For Peace (Silver),2.1364782292868436,1,2.7469005805116558,158
Feast of Fantasies,2.1364782292868436,1,0.0,2
Boonji Project by Brendan Murphy,2.1364782292868436,1,4.598311571776512,3482
Red Chaos,2.1364782292868436,5,1.526055878062031,4
Kranky: Metal as Fuck Gold Edition,2.1364782292868436,1,6.104223512248124,45
Endless Beauty,2.1364782292868436,1,0.0,1
NO RAIN: NO RAINBOW,2.1364782292868436,1,11.903235848883842,95
The Twins,2.1364782292868436,5,320471.7343930265,5
Cat in the Stars,2.1364782292868436,7,9.156335268372187,7
SAINT,2.1364782292868436,1,3.9067030478387994,183
Money Talks-Betty,2.1364782292868436,1,35907.218244303236,1
Replaced Entity,2.1364782292868436,7,181.23439607864682,3
Artificial transfer,2.1364782292868436,7,181.23439607864682,4
7. Sense,2.1364782292868436,5,30.521117561240622,5
Money Talks-Jessica,2.1364782292868436,1,0.0,1
Take Me Higher,2.075435994164362,1,2.8689850507566184,264
The Absence of Heat,2.0345376966322997,1,4.8833788097985,120
Momo (Ê°É),2.0327064295786252,5,1526.055878062031,4
Kimiyo („Ç≠„Éü„É®),2.0327064295786252,5,1526.055878062031,5
Breathe,2.014393759041881,2,1.0987602322046623,20
Satoshi Girl 22,2.014393759041881,33,0.3821243918667326,12
MALIK,2.014393759041881,10,61.042235122481245,9
Satoshi Girl 21,2.014393759041881,33,0.30521117561240624,13
BONUS GIF,2.014393759041881,6,2.44168940489925,4
Marigold,2.014393759041881,3,152.60558780620312,15
ARIA,2.014393759041881,10,61.042235122481245,9
Family Poster,2.014393759041881,6,0.0,5
Dark Classic - Venezia,2.014393759041881,1,339.0896161053833,6
@rebekah_bastian - Max Verstappen Wins Formula 1 Title,2.0137833366906563,2,1.526055878062031,10
Promise,1.9844830638318651,1,213.64782292868435,8
A Blossoming Presidency,1.9838726414806405,5,0.0,6
Hippie Terrier,1.9533515239193997,4,1.526055878062031,4
Nurse Strong Arm,1.9533515239193997,4,1.220844702449625,2
WATCH OUT by Max Kulchinsky,1.9197782946020352,4,0.9577526690717307,83
Waypoint,1.897192667606717,1,0.0,6
BBX Ag x. Rocket Radio,1.8910884440944689,2,12.147404789373768,10
Isolde,1.8801008417724223,4,0.0,4
Covid Heroes - Winklevoss Twins,1.878269574718748,1,7.630279390310156,40
YOU and YOURSELF,1.8733861959089493,1,457816.76341860933,1
LENA,1.8605673265332283,3,1.2202342800984,16
Family,1.8312670536744373,1,30.521117561240622,15
Chastity Varieties,1.8312670536744373,3,42119.14223451206,2
Alone,1.8312670536744373,1,476129.4339553537,1
PepeForever(Cover),1.8312670536744373,3,22.52458476019558,2
Nostalgic Place,1.8312670536744373,3,0.0,3
Faux,1.8312670536744373,1,2.991069521001581,8
Mutant #4,1.8312670536744373,3,0.0,3
scream,1.8312670536744373,2,0.0,3
LULLABY,1.8312670536744373,2,0.0,2
‚ÄûThe Ecstasy of Crypto 2 - Bitcoin Edition‚Äú,1.8312670536744373,1,3.6625341073488746,463
Hippie Octopus,1.8312670536744373,10,1.220844702449625,6
Alice,1.8312670536744373,5,0.9156335268372187,3
VIXTIM,1.8312670536744373,1,0.0,2
skyline,1.8312670536744373,3,0.0,3
Meka Hell,1.8312670536744373,3,60.98119288735876,3
Celebrity Covergirl #3,1.8312670536744373,6,3.1741962263690247,4
Journey of Yellow,1.8312670536744373,2,1.770224818551956,2
DISCUSSION,1.8312670536744373,3,152605.5878062031,3
G-Construction Extended,1.8312670536744373,1,57.50178548537733,35
Discovery of Peace,1.8312670536744373,3,0.0,3
STRUGGLING Fly_L.0.2,1.8312670536744373,3,0.0,3
‰ªñ,1.8312670536744373,3,0.0,3
Mutant #2,1.8312670536744373,3,0.0,3
John F. Kennedy,1.8312670536744373,3,0.0,3
Ronald Reagan,1.8312670536744373,3,0.0,3
Cyborgirl,1.8312670536744373,3,0.9095293033249705,25
Iunctura,1.8312670536744373,2,83.56681988267682,2
PURPLE DUCK,1.8312670536744373,3,97.66757619596999,3
The View From The Balcony,1.8312670536744373,10,2.991069521001581,6
"Gather Ye Rosebuds, Beyotch",1.8312670536744373,1,0.0,2
Velvet Dreams,1.8312670536744373,2,60737.02394686884,3
The Myth of Sisyphus,1.8312670536744373,1,0.0,2
Rituale,1.8312670536744373,2,83.56681988267682,2
YELLOW POOH,1.8312670536744373,3,0.0,3
Pellucid,1.8312670536744373,1,7.325068214697749,203
G-SPACE,1.8312670536744373,1,15.260558780620311,96
Versus Medici,1.8312670536744373,3,476129.4339553537,3
George W. Bush,1.8312670536744373,3,0.0,3
Remember what i feel,1.8312670536744373,3,9.156335268372187,3
Neural Data,1.8312670536744373,6,181.23439607864682,3
MOUNT4IN B1K3,1.8312670536744373,1,4.700252104431056,44
Bronze ETHER Pƒ∞GGY BANK,1.8312670536744373,10,18.251628301621892,6
Eerie Echoes,1.8312670536744373,3,0.0,3
Intra-access,1.8312670536744373,6,181.23439607864682,3
Endless Story,1.8312670536744373,3,0.0,9
Tiny Trump,1.8312670536744373,10,0.0,10
Eye Opening #2,1.8312670536744373,1,2.8079428156341373,217
Hi There,1.8312670536744373,4,1.281886937572106,13
ARION,1.8312670536744373,1,0.0,2
Stars,1.8312670536744373,2,2.9300272858791,25
Run Fors Run!!!,1.8312670536744373,2,106823.91146434218,2
034,1.8312670536744373,3,106823.91146434218,3
TROJAN Fox_S.Be-01,1.8312670536744373,3,0.0,3
Silver ETHER Pƒ∞GGY BANK,1.8312670536744373,6,1.526055878062031,4
reflection,1.8312670536744373,3,0.0,4
Omnes Videntes,1.8312670536744373,2,83.56681988267682,2
"""WHERE WENT MY VIGOR""",1.8312670536744373,3,0.0,3
ORANGE DUCK,1.8312670536744373,3,0.0,3
Two Heads,1.8312670536744373,2,0.0,3
POSEIDON,1.8312670536744373,2,3.6625341073488746,2
Barack Obama,1.8312670536744373,3,0.0,3
SUPREMACY Nfx_40.4,1.8312670536744373,3,91563.35268372187,3
LVL1.RAD - Chepertom,1.8312670536744373,1,42.485395645246946,23
Golden Princess,1.8312670536744373,3,1.526055878062031,3
Cabeza,1.8312670536744373,3,476129.4339553537,3
GOD KING,1.8312670536744373,1,0.0,1
PURGE,1.8312670536744373,2,0.0,2
Rainbow Mickey,1.8306566313232124,1,180.07459361131967,5
Mystical Melancholia,1.829435786620763,3,30.46007532611814,3
Layla,1.8129543831376929,3,152605.5878062031,3
CYBER,1.8123439607864682,2,0.9156335268372187,38
Between Two Worlds,1.770224818551956,1,12.147404789373768,10
BONUS: AI Jack,1.770224818551956,1,1.526055878062031,13
Daisy Whiskerfield,1.770224818551956,1,0.0,2
PLAN X 'XPLORER',1.7397037009907155,1,1.7397037009907155,345
Radio Boombox: Animated,1.7134555398880484,1,17.09182583429475,37
Venus,1.7091825834294747,4,0.0,4
Simulation Architect,1.7091825834294747,4,152605.5878062031,4
Sunset-2,1.7091825834294747,4,0.0,4
Wild Ride,1.7091825834294747,1,2.7469005805116558,137
Deadly Ivy,1.7091825834294747,7,3.0515013337728374,6
Chibi („Å°„Å≥),1.6939220246488544,5,1526.055878062031,5
Michi (ÈÅì),1.6939220246488544,5,1526.055878062031,5
Splinter Bug,1.6878178011366063,2,14.650136429395499,44
Vincent van Gogh Soccer player,1.6847656893804823,2,305211.1756124062,2
You Oughta Know By Now,1.6682842858974123,1,2.2890838170930468,31
Squash,1.6615696400339395,1,45.78167634186093,20
Chosen Person,1.6481403483069936,3,91563.35268372187,3
Opinion,1.6481403483069936,1,1.9533515239193997,26
#22 Cannon Arm,1.6481403483069936,3,0.0,3
#20 Green Shade,1.6481403483069936,3,0.0,3
Hacker,1.6481403483069936,9,6.043181277125643,7
Deserted,1.6481403483069936,4,0.30521117561240624,32
#17 Hipai Street,1.6481403483069936,3,0.0,3
Steve,1.611515007233505,3,0.0,3
PEPE NEWWORK,1.5870981131845123,2,213647.82292868436,2
The Lucci Mask,1.5870981131845123,2,173970.37009907153,2
Cycle,1.5870981131845123,2,30521.117561240622,2
Immortal Rap,1.584656423779613,4,1.526055878062031,4
Seated Bored by Dario De Siena,1.532770523925504,2,0.9156335268372187,83
Invador,1.5272767227644808,2,2.304954798224892,240
Ophelia,1.526055878062031,1,97.66757619596999,4
260/1000,1.526055878062031,1,0.0,1
"You are exceptional, no matter what.",1.526055878062031,1,0.0,12
DOWNTOWN,1.526055878062031,1,15.565769956232717,6
Phantom Parlour,1.526055878062031,1,1526.055878062031,7
banguh,1.526055878062031,1,0.0,25
Angelic Team New Year NFT,1.526055878062031,2,91.56335268372186,10
Cruising Artifact,1.526055878062031,1,1.8312670536744373,105
PITBOSS,1.526055878062031,1,48.772745862862514,15
Hallucinations Flow,1.526055878062031,1,0.0,6
Me and The Cat,1.526055878062031,2,1.8312670536744373,25
The Last Roast,1.526055878062031,1,2.9666526269525884,313
DIRT CIRCUS,1.526055878062031,1,11.29281349765903,5
WASTED,1.526055878062031,1,0.0,1
VICE DOCKS,1.526055878062031,1,0.0,4
Relaxed,1.526055878062031,2,0.0,3
useless,1.526055878062031,1,152605.5878062031,1
261/1000,1.526055878062031,1,0.0,1
G-KLA$$‚Ç¨,1.526055878062031,1,3.3573229317364683,678
Return,1.526055878062031,1,0.0,3
Infinite Sculpture 2,1.526055878062031,1,6.714645863472937,333
akiha street,1.526055878062031,1,0.0,1
The Reflection,1.526055878062031,1,60.98119288735876,9
Internal Agony,1.526055878062031,1,9.156335268372187,9
The Grand Confusion Hotel,1.526055878062031,1,29.605484034403403,9
Permanent Vacation Poster Edition ,1.526055878062031,1,15.565769956232717,8
Hedgehog,1.526055878062031,2,0.0,3
kiyoko street,1.526055878062031,1,0.0,1
Lonely,1.526055878062031,1,476129.4339553537,1
MONA,1.526055878062031,1,1526055.878062031,1
TEMPTATION,1.526055878062031,2,4.211914223451206,80
kiyoko street animation,1.526055878062031,1,0.0,1
ACCELERATED LIFETIME,1.526055878062031,1,1.8312670536744373,22
257/1000,1.526055878062031,1,0.0,1
Taste,1.526055878062031,1,4.211914223451206,6
Aya,1.46501364293955,4,0.9156335268372187,4
Diana,1.46501364293955,4,4.254033365685718,3
Haruka,1.46501364293955,4,0.9156335268372187,4
Found a Myth Temple,1.46501364293955,2,152605.5878062031,2
Alina,1.46501364293955,4,12.147404789373768,3
Asami,1.46501364293955,4,0.9156335268372187,4
sunset view2,1.46501364293955,8,6.043181277125643,7
Galactic Dream Journey,1.46501364293955,2,0.0,2
Akane,1.46501364293955,4,0.9156335268372187,4
Smiling Nurse,1.46501364293955,3,1.220844702449625,3
Hippie Wolf,1.46501364293955,3,1.526055878062031,3
Chinami,1.46501364293955,4,1.220844702449625,4
sunset view 1,1.46501364293955,8,6.043181277125643,6
Arina.,1.46501364293955,4,30.46007532611814,3
Sofia.,1.46501364293955,4,18.251628301621892,3
Passionate Caregiver,1.46501364293955,3,1.220844702449625,2
XXX,1.4137381654366656,1,24.416894048992496,15
Matter,1.4039714078170686,1,7.202983744452787,9
LIFE,1.4039714078170686,2,5.43275892590083,31
Inland Sea II,1.369787756148479,1,15.260558780620311,225
Blue,1.366735644392355,1,29.605484034403403,16
BBX Silver Edition (Noir) v.01 music by Stargate,1.3636835326362309,1,0.0,6
Block Chain Cycle,1.3563584644215332,1,1.3429291726945873,17
Green Parrot Island,1.347812551504386,2,3.052111756124062,643
Colorful Minimalism I - Dark Variant,1.3429291726945873,2,2.3806471697767684,11
Eye of the Next Era,1.3362145268311145,6,0.1709182583429475,2677
Queen with Swans,1.328279036265192,1,5.371716690778349,92
Orchid,1.281886937572106,3,0.0,3
Sunset-1,1.281886937572106,3,0.0,3
Down The Rabbit Hole,1.281886937572106,3,228908.38170930467,3
"BARCELONA, PANOT & GAUD√ç",1.281886937572106,6,0.0,7
Nemesis.,1.281886937572106,3,71.35837285818057,3
Lady Xlycan,1.281886937572106,3,0.0,3
BARCELONA - BLUE PANOT- PARK G√úELL,1.281886937572106,6,0.0,7
The Chess Queen,1.281886937572106,3,0.0,3
LOST,1.262963844684137,1,0.0,1
Satoshi Nakamoto,1.233053149474121,1,12.208447024496248,283
NOWHERE,1.2275593483130978,1,1.770224818551956,378
The Golden Katana - Mint Pass 2023,1.220844702449625,1,1.220844702449625,65
Statuella,1.220844702449625,2,0.0,2
Face,1.220844702449625,2,0.0,2
THE LAST SUPPER,1.220844702449625,1,1.5870981131845123,20
Theodore Roosevelt,1.220844702449625,2,0.0,2
Alchemist,1.220844702449625,4,0.0,4
ANGER,1.220844702449625,2,152605.5878062031,2
The Water,1.220844702449625,1,0.0,1
Many Are Called Few Are Chosen,1.220844702449625,1,4.5781676341860935,31
George H. W. Bush,1.220844702449625,2,0.0,2
Policeman,1.220844702449625,2,579901.2336635718,2
Miracle Society,1.220844702449625,2,0.0,2
Seductive Devil,1.220844702449625,2,0.0,2
Energy Source,1.220844702449625,4,9.156335268372187,1
Thomas Jefferson,1.220844702449625,2,0.0,2
Savior of Chaos,1.220844702449625,2,0.0,2
Nifty Gateway,121571.79482483931,10129,25541.280462822226,214397
